brand,kategori,nama_produk,harga
Wardah,Serum,Lightening Serum Ampoule,78000
Wardah,Serum,C-Defense Serum,91500
Wardah,Serum,Renew You Anti Aging Serum,119000
Wardah,Serum,Acnederm Acne Care Serum,54000
Wardah,Serum,White Secret Serum,121000
Wardah,Serum,Crystal Secret Dark Spot Brightening Serum,115500
Wardah,Sunscreen,Wardah UV Shield Aqua Fresh Essence SPF 50+ PA++++,65000
Wardah,Sunscreen,Wardah UV Shield Essential Sunscreen Gel SPF 30,42000
Wardah,Sunscreen,Wardah Everyday Sunscreen Gel SPF 30,40500
Wardah,Sunscreen,Wardah UV Shield Active Protection Serum SPF 50,84500
Wardah,Sunscreen,UV SHIELD TONE UP SUNSCREEN SERUM SPF 50 PA+++,76000
Wardah,Face Makeup,Wardah Exclusive Liquid Foundation,94500
Wardah,Face Makeup,Wardah Everyday BB Cream,39500
Wardah,Face Makeup,Wardah Lightening BB Cream,38500
Wardah,Powder & Palette,Wardah Lightening Two Way Cake,62500
Wardah,Powder & Palette,Wardah Everyday Luminous Face Powder,45000
Wardah,Powder & Palette,Wardah Exclusive Loose Powder,60500
Wardah,Lip Makeup,Wardah Long Lasting Lipstick,54000
Wardah,Lip Makeup,Wardah Lip Tint,42000
Wardah,Lip Makeup,Wardah Exclusive Matte Lip Cream,68000
Wardah,Lip Makeup,wardah glasting liquid lip,93500
Wardah,Eye Makeup,Wardah EyeXpert Staylast Liquid Eyeliner,51500
Wardah,Eye Makeup,Wardah EyeXpert The Volume Expert Mascara,83500
Wardah,Eye Makeup,Wardah Eyebrow Pencil,40500
Wardah,Cleanser,Lightening Whip Facial Foam,44000
Wardah,Cleanser,Perfect Bright Creamy Foam,31000
Wardah,Cleanser,Acnederm Pure Foaming Cleanser,35000
Wardah,Cleanser,Renew You Anti Aging Facial Wash,40500
Wardah,Cleanser,White Secret Facial Wash,39500
Wardah,Cleanser,Nature Daily Aloe Hydramild Facial Wash,32000
Wardah,Toner & Essence,Acnederm Pore Refining Toner,36500
Wardah,Toner & Essence,White Secret Exfoliating Lotion,87000
Wardah,Toner & Essence,Renew You Essence Toner,92500
Wardah,Toner & Essence,Lightening Face Toner,32000
Wardah,Toner & Essence,Nature Daily Face Toner,44000
Wardah,Moisturizer,Lightening Day & Night Cream,53000
Wardah,Moisturizer,Perfect Bright Moisturizer,32000
Wardah,Moisturizer,Renew You Day & Night Cream,115500
Wardah,Moisturizer,Acnederm Night Treatment Moisturizer,43000
Wardah,Moisturizer,White Secret Day & Night Cream,112000
Wardah,Moisturizer,Aloe Hydramild Moisturizer,28500
La Tulipe,Serum,La Tulipe Whitening Serum,93500
La Tulipe,Serum,La Tulipe Intensive Whitening Serum,110000
La Tulipe,Serum,La Tulipe Acne Serum / Acne Treatment,60500
La Tulipe,Serum,La Tulipe Rejuvenating Serum,99000
La Tulipe,Sunscreen,La Tulipe Sunscreen SPF 30,54000
La Tulipe,Sunscreen,La Tulipe Sunscreen SPF 50,66000
La Tulipe,Sunscreen,La Tulipe UV Filter / Sun Protector,49500
La Tulipe,Cleanser,La Tulipe Cleansing Foam,46000
La Tulipe,Cleanser,La Tulipe Acne Facial Wash,43000
La Tulipe,Cleanser,La Tulipe Whitening Facial Foam,50500
La Tulipe,Cleanser,La Tulipe Milk Cleanser,44000
La Tulipe,Cleanser,La Tulipe Cleansing Gel,44000
La Tulipe,Cleanser,La Tulipe Face Tonic,42000
La Tulipe,Cleanser,La Tulipe Acne Toner,43000
La Tulipe,Cleanser,La Tulipe Whitening Toner,49500
La Tulipe,Cleanser,La Tulipe Refreshing Toner,42000
La Tulipe,Moisturizer,La Tulipe Day Cream,57000
La Tulipe,Moisturizer,La Tulipe Night Cream,61500
La Tulipe,Moisturizer,La Tulipe Whitening Cream,68000
La Tulipe,Moisturizer,La Tulipe Acne Cream,45000
La Tulipe,Moisturizer,La Tulipe Rejuvenating Cream,75000
La Tulipe,Special Treatment,La Tulipe Acne Lotion (spot treatment),38500
La Tulipe,Special Treatment,La Tulipe Peeling Cream,42000
La Tulipe,Special Treatment,La Tulipe Face Mask,44000
La Tulipe,Special Treatment,La Tulipe Exfoliating Treatment (Peeling cream),43000
La Tulipe,Face Makeup,La Tulipe Liquid Foundation,59500
La Tulipe,Face Makeup,La Tulipe Cream Foundation,66000
La Tulipe,Face Makeup,La Tulipe Stick Foundation ULTRA HD,88000
La Tulipe,Face Makeup,La Tulipe Two Way Cake,79000
La Tulipe,Lip Makeup,La Tulipe Lip Palette,82500
La Tulipe,Lip Makeup,La Tulipe Matte Lipstick,50500
La Tulipe,Lip Makeup,La tulipe true color lip,57000
La Tulipe,Eye Makeup,La Tulipe Eyeliner (pencil & liquid),53000
La Tulipe,Eye Makeup,La Tulipe Mascara,68000
La Tulipe,Eye Makeup,La Tulipe Eyebrow Pencil,42000
La Tulipe,Eye Makeup,La Tulipe Eyeshadow,77000
LT Pro,Face Makeup,LT Pro Smooth Corrector Cream Foundation,137500
LT Pro,Face Makeup,LT Pro Liquid Foundation,148500
LT Pro,Powder & Palette,LT Pro Dual Function Cake,132000
LT Pro,Powder & Palette,LT Pro Translucent Loose Powder,104500
LT Pro,Powder & Palette,LT Pro airbrush,198000
LT Pro,Powder & Palette,Eyeshadow palette,275000
LT Pro,Powder & Palette,LT Pro Contour Kit,165000
LT Pro,Powder & Palette,LT Pro Cheek Palette,176000
LT Pro,Powder & Palette,LT Pro Blush On,93500
LT Pro,Powder & Palette,LT Pro Highlight Palette,165000
LT Pro,Powder & Palette,Pro Brow Cream,93500
LT Pro,Powder & Palette,Pro Brow Pencil,66000
LT Pro,Powder & Palette,Pro Brow Powder,82500
LT Pro,Powder & Palette,Pro Eye Liner Pencil,71500
LT Pro,Powder & Palette,Pro Liquid Eyeliner,93500
LT Pro,Powder & Palette,Pro Gel Eyeliner,104500
LT Pro,Powder & Palette,Pro Mascara,99000
LT Pro,Powder & Palette,LT Pro Longlasting Matte Lip Cream,104500
LT Pro,Powder & Palette,LT Pro HD Velvet lip blur,110000
Emina,Serum,Emina Bright Stuff Face Serum,54000
Emina,Serum,Emina MS Pimple Acne Solution Serum,60500
Emina,Sunscreen,Emina Sun Protection SPF 30,33000
Emina,Sunscreen,Emina Sun Battle SPF 30 / SPF 40,36500
Emina,Cleanser,Emina Bright Stuff Face Wash,24000
Emina,Cleanser,Emina Ms. Pimple Acne Solution Face Wash,26500
Emina,Cleanser,Emina Bright Stuff Face Toner,31000
Emina,Cleanser,Emina Ms. Pimple Toner,33000
Emina,Cleanser,Emina Bright Stuff Moisturizing Cream,28500
Emina,Cleanser,Emina Ms. Pimple Moisturizing Gel,29500
Makeover,Serum,Make Over Hydration Serum,126500
Makeover,Face Makeup,Make Over Powerstay Weightless Liquid Foundation,192500
Makeover,Face Makeup,Make Over Ultra Cover Liquid Foundation,170500
Makeover,Face Makeup,Make Over Cushion (Hydrastay / Powerstay),203500
Makeover,Powder & Palette,Make Over Silky Smooth Translucent Powder,137500
Makeover,Powder & Palette,Make Over Powerstay Matte Powder Foundation,203500
Makeover,Powder & Palette,Make Over Compact Powder,126500
Ultima II,Face Makeup,Wonderwear Pressed Powder,209000
Ultima II,Face Makeup,Wonderwear Two Way Cake,264000
Ultima II,Face Makeup,Delicate Translucent Face Powder (Pressed),203500
Ultima II,Face Makeup,Ultima II Delicate Translucent Face Powder (Loose Powder),181500
Maybelline,Lip Makeup,Maybelline SuperStay Matte Ink Liquid Lipstick,137500
Maybelline,Lip Makeup,Maybelline SuperStay Vinyl Ink,143000
Maybelline,Eye Makeup,Hypercurl Mascara,82500
Maybelline,Eye Makeup,Sky High Mascara,154000
Garnier,Cleanser,Garnier Sakura White Pinkish Radiance Gentle Foam,35000
Garnier,Cleanser,Garnier Sakura White Pinkish Radiance Whitening Creamy Foam,35000
Garnier,Cleanser,Garnier Light Complete Brightening Foam,35000
Garnier,Cleanser,Garnier Bright Complete Vitamin C Foam,36500
Garnier,Cleanser,Garnier Pure Active Anti Acne White Foam,36500
Garnier,Cleanser,Garnier Pure Active Matcha Deep Clean Foam,36500
Garnier,Cleanser,Garnier Men Power White Anti Pollution Brightening Foam,42000
Garnier,Cleanser,Garnier Men Acno Fight Anti Acne Foam,42000
Garnier,Cleanser,Garnier Men Turbo Light Oil Control Foam,42000
Garnier,Serum,Garnier Bright Complete Vitamin C Booster Serum,93500
Garnier,Serum,Garnier Sakura White Pinkish Radiance Ultimate Serum,104500
Garnier,Cleanser,Garnier Micellar Cleansing Water Pink,38500
Garnier,Cleanser,Garnier Micellar Cleansing Water Blue,44000
Garnier,Cleanser,Garnier Micellar Cleansing Water Vitamin C,42000
Garnier,Cleanser,Garnier Micellar Cleansing Water Salicylic BHA,43000
Garnier,Moisturizer,Garnier Sakura White Pinkish Radiance Whitening Cream,33000
Garnier,Moisturizer,Garnier Sakura White Pinkish Radiance Night Cream,35000
Garnier,Moisturizer,Garnier Bright Complete Vitamin C Serum Cream,32000
Garnier,Moisturizer,Garnier Pure Active Anti Acne Cream,28500
Garnier,Sunscreen,Garnier Super UV Invisible Serum Sunscreen SPF 50+,71500
Garnier,Sunscreen,Garnier Bright Complete Super UV Sunscreen SPF 50+,68000
Skintific,Moisturizer,Skintific 5X Ceramide Barrier Repair Moisturizer Gel,123000
Skintific,Moisturizer,Skintific 5X Ceramide Barrier Repair Moisturizer Cream,123000
Skintific,Moisturizer,Skintific Niacinamide Brightening Moisture Gel,123000
Skintific,Sunscreen,Skintific 5X Ceramide Serum Sunscreen SPF 50+ PA++++,87000
Skintific,Sunscreen,Skintific All Day Light Sunscreen SPF 50+,82500
Skintific,Face Makeup,Skintific Cover All Perfect Cushion,159500
CBD Creative Beauty Dazzele,Haircare,CBD Bio+Peptide Complex Shampoo,53000
CBD Creative Beauty Dazzele,Haircare,CBD Bio+Peptide Complex Conditioner,55000
CBD Creative Beauty Dazzele,Haircare,CBD Bio+Peptide Complex Hair Mask,82500
CBD Creative Beauty Dazzele,Haircare,CBD Bio+Peptide Complex Hair Tonic,64000
CBD Creative Beauty Dazzele,Haircare,CBD Professional Collagen Repair Shampoo,42000
CBD Creative Beauty Dazzele,Haircare,CBD Professional Collagen Repair Conditioner,44000
CBD Creative Beauty Dazzele,Haircare,CBD Professional Collagen Repair Hair Mask,55000
CBD Creative Beauty Dazzele,Haircare,CBD Professional Collagen Repair Hair Serum,60500
CBD Creative Beauty Dazzele,Haircare,CBD Professional Collagen Repair Hair Serum Oil,64000
CBD Creative Beauty Dazzele,Haircare,CBD Professional Collagen Repair Hair Refining Lotion,49500
CBD Creative Beauty Dazzele,Haircare,CBD Professional Keratin Pro Shampoo,42000
CBD Creative Beauty Dazzele,Haircare,CBD Professional Keratin Pro Conditioner,44000
CBD Creative Beauty Dazzele,Haircare,CBD Professional Keratin Pro Hair Mask,55000
CBD Creative Beauty Dazzele,Haircare,CBD Professional Keratin Pro Hair Vitamin Spray,42000
CBD Creative Beauty Dazzele,Haircare,CBD Professional Color Shield Shampoo,42000
CBD Creative Beauty Dazzele,Haircare,CBD Professional Color Shield Conditioner,44000
CBD Creative Beauty Dazzele,Haircare,CBD Professional Color Shield Hair Mask,55000
CBD Creative Beauty Dazzele,Haircare,CBD Professional Silver Screen Shampoo,49500
CBD Creative Beauty Dazzele,Haircare,CBD Professional Silver Screen Conditioner,51500
CBD Creative Beauty Dazzele,Haircare,CBD Keratin Pro Daily Treatment Package,121000
CBD Creative Beauty Dazzele,Haircare,CBD Collagen Repair Series Daily Use Shampoo,42000
CBD Creative Beauty Dazzele,Haircare,CBD Collagen Repair Series Daily Use Conditioner,44000
CBD Creative Beauty Dazzele,Haircare,CBD Collagen Repair Series Daily Use Hair Mask,55000
CBD Creative Beauty Dazzele,Haircare,CBD Collagen Repair Series Daily Use Hair Serum Oil,64000
CBD Creative Beauty Dazzele,Haircare,CBD Hair Mask Sachet Keratin,11000
CBD Creative Beauty Dazzele,Haircare,CBD Hair Mask Sachet Color Shield,11000
CBD Creative Beauty Dazzele,Haircare,CBD Figo Hair Boost Fragrance,38500
Matrix,Haircare,Matrix Biolage Exquisite Oil Serum,132000
Matrix,Haircare,Matrix Biolage Smoothproof Deep Smoothing Serum,126500
Matrix,Haircare,Matrix Biolage Hydrasource Deep Treatment Pack,71500
Matrix,Haircare,Matrix Biolage Ultra Hydrasource Mask,143000
Matrix,Haircare,Matrix Biolage Fiberstrong Deep Treatment Pack,71500
Matrix,Haircare,Matrix Biolage Repairinside Control Paste Mask,148500
Matrix,Haircare,Matrix Biolage Keratindose Pro Keratin Renewal Spray Mask,154000
Matrix,Haircare,Matrix Biolage Smoothproof Deep Smoothing Mask,143000
Matrix,Haircare,Matrix Opti Care Smooth Straight Professional Hair Mask,121000
Matrix,Hair Color,Matrix SoColor 1A Blue Black,54000
Matrix,Hair Color,Matrix SoColor 2N Darkest Brown,54000
Matrix,Hair Color,Matrix SoColor 3N Dark Brown,54000
Matrix,Hair Color,Matrix SoColor 4N Medium Brown,54000
Matrix,Hair Color,Matrix SoColor 5N Light Brown,54000
Matrix,Hair Color,Matrix SoColor 6N Dark Blonde,54000
Matrix,Hair Color,Matrix SoColor 7N Blonde,54000
Matrix,Hair Color,Matrix SoColor 8N Light Blonde,54000
Matrix,Hair Color,Matrix SoColor 9N Very Light Blonde,54000
Matrix,Hair Color,Matrix SoColor 4A Medium Ash Brown,54000
Matrix,Hair Color,Matrix SoColor 5A Light Ash Brown,54000
Matrix,Hair Color,Matrix SoColor 6A Dark Ash Blonde,54000
Matrix,Hair Color,Matrix SoColor 7A Ash Blonde,54000
Matrix,Hair Color,Matrix SoColor 8A Light Ash Blonde,54000
Matrix,Hair Color,Matrix SoColor 9A Very Light Ash Blonde,54000
Matrix,Hair Color,Matrix SoColor 1NN Black,54000
Matrix,Hair Color,Matrix SoColor 3NN Dark Brown,54000
Matrix,Hair Color,Matrix SoColor 4NN Medium Brown,54000
Matrix,Hair Color,Matrix SoColor 5NN Light Brown,54000
Matrix,Hair Color,Matrix SoColor 6NN Dark Blonde,54000
Matrix,Hair Color,Matrix SoColor 7NN Blonde,54000
NR,Haircare,NR Hair Tonic,93500
NR,Haircare,NR Reactive Hair Tonic,104500
NR,Haircare,NR Protein Shampoo,53000
NR,Haircare,NR Arnika Shampoo,53000
NR,Haircare,NR Dam Care Treatment,68000
NR,Haircare,NR Kur Repair Shampoo,64000
NR,Haircare,NR Kur Shampoo Color Repair,64000
NR,Haircare,NR Spa Therapy Mask,75000
NR,Haircare,NR Reactive Tonic 50ml,42000
NR,Haircare,NR Hair Tonic 50ml,38500
NR,Haircare,NR Protein Shampoo 1000ml,176000
NR,Haircare,NR Arnika Shampoo 1000ml,176000
NR,Haircare,NR Treatment Creambath 500gr,93500
NR,Haircare,NR Hair Repair Tonic,99000
Rudy Hadisuwarno,Hair Color,Rudy Hadisuwarno Hair Color Shampoo Nat Black,60500
Rudy Hadisuwarno,Hair Color,Rudy Hadisuwarno Hair Color Shampoo Dark Brown,60500
Rudy Hadisuwarno,Haircare,Rudy Hadisuwarno Damage Defense Shampoo,35000
Rudy Hadisuwarno,Haircare,Rudy Hadisuwarno Dandruff Defense Shampoo,35000
Rudy Hadisuwarno,Haircare,Rudy Hadisuwarno Hair Loss Defense Shampoo,35000
Rudy Hadisuwarno,Haircare,Rudy Hadisuwarno Hair Growth Serum Tonic,71500
Rudy Hadisuwarno,Haircare,Rudy Hadisuwarno Hair Loss Defense Tonic,54000
Rudy Hadisuwarno,Haircare,Rudy Hadisuwarno Ginseng Hair Tonic,51500
Makarizo,Haircare,Makarizo Hair Energy Fibertherapy Hair & Scalp Creambath Royal Jelly,82500
Makarizo,Haircare,Makarizo Hair Energy Fibertherapy Hair & Scalp Creambath Kiwi Extract,82500
Makarizo,Haircare,Makarizo Hair Energy Fibertherapy Hair & Scalp Creambath Aloe & Melon,82500
Makarizo,Haircare,Makarizo Hair Energy Fibertherapy Hair & Scalp Creambath Olive Extract,82500
Makarizo,Haircare,Makarizo Hair Energy Fibertherapy Hair & Scalp Creambath Strawberry,82500
Makarizo,Haircare,Makarizo Hair Energy Fibertherapy Hair Recovery Mask,55000
Makarizo,Haircare,Makarizo Advisor Hair Repair Mask,43000
Makarizo,Haircare,Makarizo Advisor Anti Frizz Mask,46000
Makarizo,Haircare,Makarizo Advisor Nutritive Mask,43000
Makarizo,Haircare,Makarizo Texture Experience Hair Mask,132000
Makarizo,Haircare,Makarizo Salon Daily Hair Mask,104500
Makarizo,Haircare,Makarizo Professional Salon System Rebonding Hair Mask,115500
Makarizo,Haircare,Makarizo Hair Energy Fibertherapy Shampoo,32000
Makarizo,Haircare,Makarizo Salon Daily Shampoo,82500
Makarizo,Haircare,Makarizo Advisor Hair Recovery Serum,60500
